admiralName,seed,prompt
male001,101,"vibrant polished anime style, cel-shaded, clean crisp lineart, large expressive glossy eyes, soft bright cinematic lighting, smooth detailed shading, visual-novel character art, space-opera military officer, upper-body portrait, simple soft background, consistent art direction, highly detailed, masterpiece, a young male imperial admiral, ornate imperial military dress uniform with high collar gold braid and epaulettes deep wine-red and black, short blond hair, sharp confident handsome face"
male002,102,"vibrant polished anime style, cel-shaded, clean crisp lineart, large expressive glossy eyes, soft bright cinematic lighting, smooth detailed shading, visual-novel character art, space-opera military officer, upper-body portrait, simple soft background, consistent art direction, highly detailed, masterpiece, a stern veteran imperial admiral in his fifties, ornate imperial military uniform, short grey hair, weathered face with a faint scar, commanding stern gaze"
male003,103,"vibrant polished anime style, cel-shaded, clean crisp lineart, large expressive glossy eyes, soft bright cinematic lighting, smooth detailed shading, visual-novel character art, space-opera military officer, upper-body portrait, simple soft background, consistent art direction, highly detailed, masterpiece, a male alliance tactician, practical republican navy uniform navy blue with silver trim, messy dark hair, round glasses, intelligent tired half smile"
male004,104,"vibrant polished anime style, cel-shaded, clean crisp lineart, large expressive glossy eyes, soft bright cinematic lighting, smooth detailed shading, visual-novel character art, space-opera military officer, upper-body portrait, simple soft background, consistent art direction, highly detailed, masterpiece, a young earnest male alliance officer, republican navy blue uniform, short brown hair, hopeful determined expression"
male005,105,"vibrant polished anime style, cel-shaded, clean crisp lineart, large expressive glossy eyes, soft bright cinematic lighting, smooth detailed shading, visual-novel character art, space-opera military officer, upper-body portrait, simple soft background, consistent art direction, highly detailed, masterpiece, a gentle male imperial officer, imperial uniform, deep red hair, calm kind blue eyes, loyal demeanor"
female002,106,"vibrant polished anime style, cel-shaded, clean crisp lineart, large expressive glossy eyes, soft bright cinematic lighting, smooth detailed shading, visual-novel character art, space-opera military officer, upper-body portrait, simple soft background, consistent art direction, highly detailed, masterpiece, an elegant imperial female officer, ornate imperial uniform, long blonde hair, cold composed beautiful aristocratic face"
female003,107,"vibrant polished anime style, cel-shaded, clean crisp lineart, large expressive glossy eyes, soft bright cinematic lighting, smooth detailed shading, visual-novel character art, space-opera military officer, upper-body portrait, simple soft background, consistent art direction, highly detailed, masterpiece, an energetic young female alliance pilot, republican navy flight uniform, short bright red hair, lively cheerful grin, light freckles"
female004,108,"vibrant polished anime style, cel-shaded, clean crisp lineart, large expressive glossy eyes, soft bright cinematic lighting, smooth detailed shading, visual-novel character art, space-opera military officer, upper-body portrait, simple soft background, consistent art direction, highly detailed, masterpiece, a calm female imperial strategist, imperial uniform, long straight black hair, thin glasses, serene intelligent expression"
female005,109,"vibrant polished anime style, cel-shaded, clean crisp lineart, large expressive glossy eyes, soft bright cinematic lighting, smooth detailed shading, visual-novel character art, space-opera military officer, upper-body portrait, simple soft background, consistent art direction, highly detailed, masterpiece, a warm female alliance commander, republican navy uniform, dark skin, long braided hair, confident kind smile"
